{
    "dataset": "./data/CTU.csv",
    "dataset_name": "CTU",
    "n_records": 10000,
    "n_attributes": 16,
    "attrs": [
        "proto_tcp",
        "proto_udp",
        "proto_icmp",
        "duration",
        "orig_bytes",
        "resp_bytes",
        "conn_state_OTH",
        "missed_bytes",
        "history_S",
        "history_D",
        "history_other",
        "orig_pkts",
        "orig_ip_bytes",
        "resp_pkts",
        "resp_ip_bytes",
        "label"
    ],
    "immutable": [
        0,
        1,
        2,
        6,
        7,
        8,
        9,
        10
    ],
    "attr_mutable": [
        "duration",
        "orig_bytes",
        "orig_ip_bytes",
        "orig_pkts",
        "resp_bytes",
        "resp_ip_bytes",
        "resp_pkts"
    ],
    "attr_immutable": [
        "conn_state_OTH",
        "history_D",
        "history_S",
        "history_other",
        "missed_bytes",
        "proto_icmp",
        "proto_tcp",
        "proto_udp"
    ],
    "robust": false,
    "classes": [
        "benign",
        "malicious"
    ],
    "k_folds": 5,
    "validator": "IOT23",
    "classifier": "xgb",
    "sample_size": 0,
    "sample_times": 1,
    "attack": "hsj",
    "attr_ranges": {
        "proto_tcp": 1.0,
        "proto_udp": 1.0,
        "proto_icmp": 1.0,
        "duration": 173.56997900000002,
        "orig_bytes": 580.0,
        "resp_bytes": 1552.0,
        "conn_state_OTH": 1.0,
        "missed_bytes": 0.0,
        "history_S": 1.0,
        "history_D": 1.0,
        "history_other": 1.0,
        "orig_pkts": 46.0,
        "orig_ip_bytes": 2515.0,
        "resp_pkts": 60.0,
        "resp_ip_bytes": 3956.0
    },
    "start": 1679378200774065127,
    "end": 1679378330416631140,
    "current_utc": 1679378330417853793,
    "max_iter": 5,
    "_Result__accuracy": [
        0.953,
        0.953,
        0.95,
        0.954,
        0.951
    ],
    "_Result__precision": [
        1.0,
        0.9989047097480832,
        1.0,
        0.9989035087719298,
        0.9989154013015185
    ],
    "_Result__recall": [
        0.9063745019920318,
        0.9074626865671642,
        0.8970133882595263,
        0.909181636726547,
        0.9047151277013753
    ],
    "_Result__f_score": [
        0.9508881922675025,
        0.9509906152241919,
        0.9457111834961999,
        0.9519331243469176,
        0.9494845360824743
    ],
    "_Result__n_records": [
        2000,
        2000,
        2000,
        2000,
        2000
    ],
    "_Result__n_evasions": [
        854,
        151,
        894,
        883,
        210
    ],
    "_Result__n_valid": [
        463,
        130,
        450,
        581,
        73
    ],
    "_Result__labels": [
        {
            "benign": 463,
            "malicious": 0
        },
        {
            "benign": 130,
            "malicious": 0
        },
        {
            "benign": 450,
            "malicious": 0
        },
        {
            "benign": 581,
            "malicious": 0
        },
        {
            "benign": 73,
            "malicious": 0
        }
    ],
    "_Result__validations": [
        {
            "tcp ori > 0 -> bytes >= 20": 59,
            "tcp ori pkts < resp pkts": 117,
            "tcp ori packets > bytes": 238,
            "tcp resp packets > bytes": 10,
            "tcp resp > 0 -> bytes >= 20": 12
        },
        {
            "tcp ori pkts < resp pkts": 23
        },
        {
            "tcp ori pkts < resp pkts": 136,
            "tcp ori packets > bytes": 265,
            "tcp ori > 0 -> bytes >= 20": 63,
            "tcp resp > 0 -> bytes >= 20": 17,
            "tcp resp packets > bytes": 6
        },
        {
            "tcp ori packets > bytes": 293,
            "tcp ori pkts < resp pkts": 30,
            "tcp resp > 0 -> bytes >= 20": 1
        },
        {
            "tcp resp > 0 -> bytes >= 20": 6,
            "tcp ori pkts < resp pkts": 52,
            "tcp ori > 0 -> bytes >= 20": 18,
            "tcp ori packets > bytes": 61,
            "tcp resp packets > bytes": 7
        }
    ],
    "_Result__errors": [
        [
            0.010514352221649715,
            1.4647915230259276
        ],
        [
            0.14627649467455686,
            1.0734377665557207
        ],
        [
            0.019904495618136207,
            1.5406593876071923
        ],
        [
            0.016571175095601343,
            1.3586645491878533
        ],
        [
            0.181053662764054,
            0.5427757947102514
        ]
    ],
    "_Result__proto_init": [
        {
            "tcp": 1090,
            "udp": 875,
            "icmp": 35
        },
        {
            "tcp": 1088,
            "udp": 876,
            "icmp": 36
        },
        {
            "tcp": 1129,
            "udp": 832,
            "icmp": 39
        },
        {
            "tcp": 1089,
            "udp": 874,
            "icmp": 37
        },
        {
            "tcp": 1079,
            "udp": 876,
            "icmp": 45
        }
    ],
    "_Result__proto_evasions": [
        {
            "tcp": 854
        },
        {
            "tcp": 151
        },
        {
            "tcp": 894
        },
        {
            "tcp": 883
        },
        {
            "tcp": 210
        }
    ],
    "_Result__proto_valid": [
        {
            "tcp": 463
        },
        {
            "tcp": 130
        },
        {
            "tcp": 450
        },
        {
            "tcp": 581
        },
        {
            "tcp": 73
        }
    ],
    "machine": {
        "system": "Linux",
        "release": "5.4.0-1096-gcp",
        "version": "#105~18.04.2-Ubuntu SMP Tue Nov 29 11:33:58 UTC 2022",
        "machine": "x86_64",
        "processor": "x86_64",
        "cpu_physical_cores": 4,
        "cpu_total_cores": 8,
        "cpu_max_frequency": 0.0,
        "cpu_min_frequency": 0.0,
        "cpu_current_frequency": 2200.226,
        "cpu_usage_per_core": [
            0.0,
            0.0,
            0.0,
            0.0,
            0.0,
            0.0,
            0.0,
            0.0
        ],
        "cpu_total_usage": 92.7,
        "virtual_mem_total_size": "31.36GB",
        "virtual_mem_available": "30.49GB",
        "virtual_mem_used": "498.09MB",
        "virtual_mem_percentage": 2.8,
        "python_runtime": "3.8.0 (default, Feb 28 2023, 16:22:29) \n[GCC 8.4.0]"
    }
}