{
    "dataset": "./data/CTU-1-1.csv",
    "dataset_name": "CTU-1-1",
    "n_records": 10000,
    "n_attributes": 16,
    "attrs": [
        "proto_tcp",
        "proto_udp",
        "proto_icmp",
        "duration",
        "orig_bytes",
        "resp_bytes",
        "conn_state_OTH",
        "missed_bytes",
        "history_S",
        "history_D",
        "history_other",
        "orig_pkts",
        "orig_ip_bytes",
        "resp_pkts",
        "resp_ip_bytes",
        "label"
    ],
    "immutable": [
        0,
        1,
        2,
        6,
        7,
        8,
        9,
        10
    ],
    "attr_mutable": [
        "duration",
        "orig_bytes",
        "orig_ip_bytes",
        "orig_pkts",
        "resp_bytes",
        "resp_ip_bytes",
        "resp_pkts"
    ],
    "attr_immutable": [
        "conn_state_OTH",
        "history_D",
        "history_S",
        "history_other",
        "missed_bytes",
        "proto_icmp",
        "proto_tcp",
        "proto_udp"
    ],
    "robust": false,
    "classes": [
        "benign",
        "malicious"
    ],
    "k_folds": 5,
    "validator": "IOT23",
    "classifier": "xgb",
    "sample_size": 0,
    "sample_times": 1,
    "attack": "zoo",
    "attr_ranges": {
        "proto_tcp": 1.0,
        "proto_udp": 1.0,
        "proto_icmp": 1.0,
        "duration": 173.56997900000002,
        "orig_bytes": 580.0,
        "resp_bytes": 1552.0,
        "conn_state_OTH": 1.0,
        "missed_bytes": 0.0,
        "history_S": 1.0,
        "history_D": 1.0,
        "history_other": 1.0,
        "orig_pkts": 46.0,
        "orig_ip_bytes": 2515.0,
        "resp_pkts": 60.0,
        "resp_ip_bytes": 3956.0
    },
    "start": 1678916862374665466,
    "end": 1678917047866261161,
    "current_utc": 1678917047867657836,
    "max_iter": 2,
    "_Result__accuracy": [
        0.9585,
        0.944,
        0.951,
        0.9555,
        0.952
    ],
    "_Result__precision": [
        1.0,
        0.9988801791713325,
        1.0,
        0.9977678571428571,
        1.0
    ],
    "_Result__recall": [
        0.9167502507522568,
        0.8893320039880359,
        0.9031620553359684,
        0.9113149847094801,
        0.9046673286991063
    ],
    "_Result__f_score": [
        0.9565672422815281,
        0.940928270042194,
        0.9491173416407062,
        0.9525839104954714,
        0.9499478623566214
    ],
    "_Result__n_records": [
        2000,
        2000,
        2000,
        2000,
        2000
    ],
    "_Result__n_evasions": [
        0,
        7,
        0,
        7,
        0
    ],
    "_Result__n_valid": [
        0,
        7,
        0,
        6,
        0
    ],
    "_Result__labels": [
        {
            "benign": 0,
            "malicious": 0
        },
        {
            "benign": 7,
            "malicious": 0
        },
        {
            "benign": 0,
            "malicious": 0
        },
        {
            "benign": 6,
            "malicious": 0
        },
        {
            "benign": 0,
            "malicious": 0
        }
    ],
    "_Result__validations": [
        {},
        {},
        {},
        {
            "tcp ori pkts < resp pkts": 1
        },
        {}
    ],
    "_Result__errors": [
        [
            0,
            0
        ],
        [
            0.19998428225517273,
            0.2999873757362366
        ],
        [
            0,
            0
        ],
        [
            0.09873414784669876,
            0.35935111607781245
        ],
        [
            0,
            0
        ]
    ],
    "_Result__proto_init": [
        {
            "tcp": 1086,
            "udp": 882,
            "icmp": 32
        },
        {
            "tcp": 1108,
            "udp": 861,
            "icmp": 31
        },
        {
            "tcp": 1086,
            "udp": 872,
            "icmp": 42
        },
        {
            "tcp": 1106,
            "udp": 851,
            "icmp": 43
        },
        {
            "tcp": 1089,
            "udp": 867,
            "icmp": 44
        }
    ],
    "_Result__proto_evasions": [
        {},
        {
            "tcp": 7
        },
        {},
        {
            "tcp": 7
        },
        {}
    ],
    "_Result__proto_valid": [
        {},
        {
            "tcp": 7
        },
        {},
        {
            "tcp": 6
        },
        {}
    ],
    "machine": {
        "system": "Linux",
        "release": "5.4.0-1096-gcp",
        "version": "#105~18.04.2-Ubuntu SMP Tue Nov 29 11:33:58 UTC 2022",
        "machine": "x86_64",
        "processor": "x86_64",
        "cpu_physical_cores": 4,
        "cpu_total_cores": 8,
        "cpu_max_frequency": 0.0,
        "cpu_min_frequency": 0.0,
        "cpu_current_frequency": 2200.212,
        "cpu_usage_per_core": [
            0.0,
            0.0,
            0.0,
            0.0,
            0.0,
            0.0,
            0.0,
            0.0
        ],
        "cpu_total_usage": 96.4,
        "virtual_mem_total_size": "31.36GB",
        "virtual_mem_available": "30.35GB",
        "virtual_mem_used": "581.64MB",
        "virtual_mem_percentage": 3.2,
        "python_runtime": "3.8.0 (default, Feb 28 2023, 16:22:29) \n[GCC 8.4.0]"
    }
}